ref,model,prompt_version,book_osis,chapter,verse_start,verse_end,kjv_text,cuv_text,final_en,final_zh,has_commentary,keep_drop,notes,status,cited_para_ids
1Cor 1:8,gpt-5,v1,1Cor,1,8,8,,他也必堅固你們到底，叫你們在我們主耶穌基督的日子無可責備。,"The phrase “the day of our Lord Jesus Christ” in 1 Cor 1:8 is identified with the Old Testament “day of Yahweh,” now applied to Christ. In the New Testament this “day” functions as a synonym for the eschatological judgment, coincides with Christ’s parousia, and denotes a definite, climactic event rather than a literal 24-hour day. The judgment is portrayed as God’s work and also Christ’s, hence the expression “day of the Lord (Jesus).”",林前1:8中的“我们主耶稣基督的日子”承接旧约“耶和华的日子”的概念，并在新约中应用于基督。此“日子”等同于末世审判之日，与基督的再临相吻合，是一个明确界定的终局性事件，而非必然指24小时的一天。新约将审判既归于神也归于基督，因此称为“主（耶稣基督）的日子”。,1,,,ok,"[166, 190]"
1Cor 1:20,gpt-5,v1,1Cor,1,20,20,,智慧人在那裏？文士在那裏？這世上的辯士在那裏？神豈不是叫這世上的智慧變成愚拙嗎？,"The excerpt only lists 1 Corinthians 1:20 among passages referring to “this present age,” without providing any specific explanation of the verse.",该段只是将林前1:20列为“今世”的经文例证，没有对该节作具体释义。,0,,,ok,[162]
1Cor 1:30,gpt-5,v1,1Cor,1,30,30,,但你們得在基督耶穌裏，是本乎神，神又使他成為我們的智慧、公義、聖潔、救贖。,"The author situates Paul’s “redemption” language in the commercial-forensic sphere, rooted in the Old Testament notion of God reclaiming His own possession. He notes an eschatological use of “redemption” (e.g., Rom 8:23) and suggests that in 1 Cor 1:30, where “redemption” is coordinated with “righteousness” and “sanctification,” it likely refers to the final step in the believer’s subjective salvation (the consummating/eschatological stage), though he states this tentatively.",作者将保罗的“救赎”置于“商业-法庭”的表述范畴，其背景源自旧约上帝以主权与所有权“赎回”自己子民的概念。他指出“救赎”在保罗书信中带有末世性的用法（如罗8:23），并且推测在林前1:30里，“救赎”与“公义、成圣”并列，极可能指信徒主观得救过程中的最后一步（终末性的成全/荣耀），不过此结论带有谨慎的试探性。,1,,,ok,[518]
1Cor 2:4,gpt-5,v1,1Cor,2,4,4,,我說的話、講的道，不是用智慧委婉的言語，乃是用聖靈和大能的明證，,"The excerpt uses 1 Corinthians 2:4 to show that the Holy Spirit is the agent who represents and demonstrates God’s power. Paul’s preaching was marked not by human eloquence but by the Spirit’s power, illustrating divine omnipotence manifested through the Spirit.",摘录以哥林多前书2:4说明：圣灵是执行并彰显神能力的位格。保罗的讲道不是靠人的智慧或口才，而是靠圣灵与能力的明证，体现了神全能借圣灵的作为而显明。,1,keep,,ok,[441]
1Cor 2:6,gpt-5,v1,1Cor,2,6,6,,然而，在完全的人中，我們也講智慧。但不是這世上的智慧，也不是這世上有權有位、將要敗亡之人的智慧。,"The paragraph uses 1 Cor 2:6 (“among the perfect/mature”) to argue that Paul’s gospel has a distinctly theological, cognitive character for all believers, even though he does articulate a deeper “wisdom” for the mature. Terms like gnosis/epignosis can denote advanced understanding for the mature, yet they also describe the common knowledge of the gospel. Paul teaches with ordered method and views the gospel as objective truth requiring enlightened understanding; this unified knowledge centers on God and Christ. Thus, 1 Cor 2:6 does not imply an esoteric, separate theology for an elite, but a deeper level within the same coherent system.",本段以林前2:6中“在完全（成熟）的人中讲智慧”为依据，指出保罗的信息本质上具有神学性与认知性：虽对“成熟的人”有更深的“智慧”，但同样的真理体系也临到所有信徒。诸如“知识/真知识”（gnosis/epignosis）既可指成熟者更深的认识，也可指普遍的福音认知。保罗按有次序的方法教导，把福音视为要求心智顺服的客观真理，且其统一性以神与基督为中心。因此，林前2:6并非支持某种仅供精英的秘传神学，而是同一连贯体系中之更深层次。,1,,,ok,[725]
1Cor 2:8,gpt-5,v1,1Cor,2,8,8,,這智慧世上有權有位的人沒有一個知道的、他們若知道，就不把榮耀的主釘在十字架上了。,"The author briefly uses 1 Cor 2:8–9 to argue that Paul seems to include superhuman spiritual powers among those involved in Christ’s crucifixion. These “rulers” function as adversaries of God and Christ, not as God’s agents executing the law’s curse. Therefore, 1 Cor 2:8 does not support the idea that angels mediated the curse of the law (and should not be combined with Gal 3:13,19 to make that case).",作者简要指出，林前2:8–9显示保罗似乎认为有超自然的属灵权势参与了对基督的钉十字架；这些“有权有位的”是神与基督的对头，而非代表神执行律法咒诅的使者。因此，林前2:8不能用来支持“天使为律法咒诅的中介”，也不应与加3:13、19结合来论证这一点。,1,,,ok,[520]
1Cor 2:12,gpt-5,v1,1Cor,2,12,12,,我們所領受的，並不是世上的靈，乃是從神來的靈，叫我們能知道神開恩賜給我們的事。,"Paul’s contrast between “the spirit of the world” and “the Spirit from God” shows that the Spirit is not only the agent of revelation but the determinative power of the new, eschatological order; only those who already share in this future-age life by the Spirit can know the gracious gifts God has given. The “spirit of the world” may denote a real transcendent influence governing the psychical (natural) man and possibly linked with the rulers of this age. Parallel texts (2 Cor 4:4; Eph 2:2) suggest a counter‑spirit that blinds unbelievers, reinforcing the eschatological opposition inherent in 1 Cor 2:12.",保罗在1林2:12中将“世上的灵”与“从神来的灵”相对，表明圣灵不仅是启示的媒介，更是新末世秩序的决定性原则；惟有在圣灵里已分得“将来之世”生命的人，才能认识神白白赐给我们的事。“世上的灵”可能指一种超越性的影响，治理“属魂的人”，并或与“今世的执政者”有关。平行经文（林后4:4；弗2:2）显示一种对抗的“灵”使不信者心眼昏瞎，从而加强了1林2:12中两种灵之间的末世性对立。,1,,,ok,"[141, 142]"
1Cor 2:14,gpt-5,v1,1Cor,2,14,14,,然而，屬血氣的人不領會神聖靈的事，反倒以為愚拙，並且不能知道，因為這些事惟有屬靈的人纔能看透。,"The verse is used to argue that the unspiritual (natural) person cannot grasp the things of the Spirit; therefore regeneration by the Holy Spirit is necessary to understand and rightly interpret Scripture. Because sinful humans resist God’s Word, they tend to distort it to fit their own systems (e.g., Pharisees on works-righteousness; Sadducees denying the resurrection). Scripture is God’s self-revelation, so we must not place other authorities alongside or above it, nor spiritualize/rationalize texts to suit ourselves.",该节被用来说明：属血气的人不能领会圣灵的事，因此正确理解与诠释圣经需要圣灵的重生/更新。因人的罪性抗拒神的话，容易把经文扭曲以配合人的体系（如法利赛人以行为称义、撒都该人否认复活）。圣经是神的自我启示，不可把其他权威与圣经并列或高于圣经，也不可随意属灵化或理性化经文以迎合自己。,1,,,ok,"[239, 266, 342, 369]"
1Cor 3:8,gpt-5,v1,1Cor,3,8,8,,栽種的和澆灌的，都是一樣，但將來各人要照自己的工夫得自己的賞賜。,"The excerpt uses 1 Corinthians 3:8 (with 3:14) to support that, at the last judgment, believers’ works will be evaluated and will serve as the measure of gracious reward—“each will receive his own reward according to his own labor.” This reward principle does not contradict justification; the judgment is public and concerns works as the outworking of faith. Such rewards are not computed mechanically or commercially; Paul views “work” organically, rooted in faith, and some works may be disapproved while salvation remains (cf. 3:15).",本文以林前3:8（并及3:14）说明：在末日的审判中，信徒的行为要被审查，并作为恩典性赏赐的尺度——“各人要照自己的工夫得自己的赏赐。”这并不否定因信称义；末日审判具有公开性，所审的是信心所结出的“工作”。这种赏赐并非机械或交易式的计算；保罗将“工作”视为出自信心的有机整体，即使有些工作受责难，仍可能不致失落救恩（参3:15）。,1,,,ok,[191]
1Cor 3:13,gpt-5,v1,1Cor,3,13,13,,各人的工程必然顯露，因為那日子要將他表明出來，有火發現；這火要試驗各人的工程怎樣。,"The paragraph uses 1 Corinthians 3:13 to support Paul’s teaching that the last judgment is a public manifestation: every person’s work will be revealed and tested. Even believers’ works will be examined—there can be disapproval of works yet salvation (cf. 3:15)—and works serve as the measure of gracious reward (cf. 3:8, 14). Paul’s use of “work” in the singular (including 3:13) stresses an organic whole of life rather than a mechanical tally of deeds. The public testing of works serves the vindication of God’s righteousness.","该段以林前3:13说明：末日审判具有公开性——各人的工程都要显露并受火试验。即便信徒的工程也要受审查；工程可能被否定，但人仍得救（参3:15）；而工程也成为恩典赏赐的尺度（参3:8,14）。保罗在多处（含林前3:13）以“工程/工作”用单数，强调生命整体性的“工程”，而非机械计分。公开试验工程旨在彰显并维护神的公义。",1,,,ok,[191]
1Cor 3:15,gpt-5,v1,1Cor,3,15,15,,人的工程若被燒了，他就要受虧損，自己卻要得救；雖然得救，乃像從火裏經過的一樣。,"Affirms that at the public last judgment believers’ works will be tested. Even if a believer’s works are disapproved and burned, the person is still saved (1 Cor 3:15). The judgment of works serves God’s public vindication and demonstrates the defeat of sin and the reality of righteousness (faith, works, sanctification). Works also function as the measure of gracious reward (cf. 1 Cor 3:8,14), and are viewed organically, rooted in faith.","指出末日审判是公开的，对信徒的行为也要试验。即使信徒的“工程被烧”，人仍得救（林前3:15）。审判工作的目的在于为神作公开的申冤，显明罪被废除与生命中之义（包括信心、在基督里所行的工、成圣）。工作也是恩典赏赐的尺度（参林前3:8,14），并被视为出于信心的有机整体，而非机械记账。",1,,,ok,[191]
1Cor 4:3,gpt-5,v1,1Cor,4,3,3,,我被你們論斷，或被別人論斷，我都以為極小的事；連我自己也不論斷自己。,"The paragraph notes that in New Testament usage “the day” is often associated with judgment and can function as a synonym for judgment. 1 Corinthians 4:3 is cited as an example of this usage, where Paul’s phrase rendered “man’s judgment” reflects the idiom of “day” meaning a judicial evaluation.",该段指出，新约中“那日/主的日子”常与审判相关，几乎成为“审判”的同义词。林前4:3被作为此用法的例证：保罗所说“人的审判”（可理解为“人的日子”）体现“日子”用来表示审判/裁判的语义。,1,,,ok,[166]
1Cor 4:3-5,gpt-5,v1,1Cor,4,3,5,,我被你們論斷，或被別人論斷，我都以為極小的事；連我自己也不論斷自己。,"The excerpt uses 1 Corinthians 4:3-5 as a proof-text that, in New Testament eschatology, God is the judge in the final, definite judgment associated with Christ’s parousia. It situates Paul’s statement “the Lord judges me” within the broader NT theme that judgment belongs to God (and also, in other texts, to Christ).",该段将林前4:3-5用作证据，表明新约末世论认为最终审判是在主再来时发生的、由神施行的定案式审判。作者把保罗“判断我的乃是主”的话置于新约更广的主题中：审判属于神（并且在其他经文中也归于基督）。,1,,,ok,[190]
1Cor 4:5,gpt-5,v1,1Cor,4,5,5,,所以，時候未到，甚麼都不要論斷，只等主來，他要照出暗中的隱情，顯明人心的意念。那時，各人要從神那裏得着稱讚。,"The excerpt uses 1 Corinthians 4:5 to support that at the final judgment even believers’ works will be evaluated. The last judgment is not nullified by justification; rather, it is a public assize that vindicates God, revealing and assessing works and motives, with the possibility of disapproval of some works yet salvation, and with gracious reward measured according to works rooted in faith. This coheres with 4:5’s theme that the Lord will bring hidden things to light and then each will receive praise from God.",该段引用林前4:5强调：末日审判将临到所有人，连信徒的行为也要受审察。因称义并不使末日审判多余；审判是公开的，为彰显神的公义，要显露隐情、察验动机与行为。即便有些行为被否定，信徒仍得救；赏赐是出于恩典且与信心所结出的“工作”相关。这与4:5所说主来时显明隐情、显露人心意念，并使各人从神得称赞相一致。,1,,,ok,[191]
1Cor 4:20,gpt-5,v1,1Cor,4,20,20,,因為神的國不在乎言語，乃在乎權能。,"Identifies 1 Corinthians 4:20 as one of the places where Paul uses “the kingdom of God” in a present sense (the believers’ current state), even though Paul more often uses “kingdom” eschatologically. It also notes that the future, eschatological kingdom will have outward, visible embodiment, yet its core is the same spiritual realities that already characterize the present kingdom.",将林前4:20视为保罗少数把“神的国”用作现实时态（指信徒当下所处的状态）的经文之一，尽管保罗通常以末世性意义使用“神的国”。同时指出：将来的末世性国度会有外在、可见的形态，但其核心仍是现今国度所具有的属灵实质。,1,,test,ok,[194]
1Cor 5:5,gpt-5,v1,1Cor,5,5,5,,要把這樣的人交給撒但，敗壞他的肉體，使他的靈魂在主耶穌的日子可以得救。,"The excerpt cites 1 Cor 5:5 to show that the OT “day of Yahweh” becomes in the NT “the day of the Lord (Jesus),” indicating that Christ himself is the judge at the final, definite judgment coinciding with his parousia. Thus, in 1 Cor 5:5 the “day of the Lord Jesus” refers to the eschatological judgment day, not an ongoing process.",该段以林前5:5为证，说明旧约的“耶和华的日子”在新约中成为“主（耶稣）的日子”，表明基督亲自行使终末审判，并且审判与祂的再临同时发生、为一次明确的事件。因此，林前5:5中的“主耶稣的日子”指末世审判之日，而非持续的过程。,1,,,ok,[190]
1Cor 5:7,gpt-5,v1,1Cor,5,7,7,,你們既是無酵的麵，應當把舊酵除淨，好使你們成為新團；因為我們逾越節的羔羊基督已經被殺獻祭了。,"The excerpt uses 1 Corinthians 5:7 as clear evidence that Paul explicitly presents Christ as the Passover, thereby affirming the sacrificial nature of both the Old Testament type (Passover) and the antitype (Christ). This supports reading Paul’s broader ‘blood of Christ’ language as sacrificial (propitiatory), not merely as indicating a violent death.",该段以林前5:7为明确证据：保罗将基督与逾越节（旧约的型）相比较，明确肯定两者皆具祭祀性质（型与所指的本体）。因此，应将保罗关于“基督之血”的表述理解为祭祀性的（带有赎罪/除罪含义），而非仅仅指一种暴力致死。,1,,,ok,[716]
1Cor 6:1-3,gpt-5,v1,1Cor,6,1,3,,你們中間有彼此相爭的事，怎敢在不義的人面前求審，不在聖徒面前求審呢？,"The excerpt situates 1 Corinthians 6:1-3 in the context of the final judgment: it uniquely affirms that believers will participate in the act of judging itself, not merely reign. Angels’ role in judgment is ministerial, while believers share in the judicial act; the scope includes evil spirits, which explains Paul’s statement that “we will judge angels.” Other throne/reigning texts do not speak of the judgment proper.",该段将林前6:1-3放在末日审判的脉络中：此处独特地表明信徒将实际参与审判本身，而不只是“与基督一同作王”。天使在审判中的作用是服事性的，而信徒则分担司法性的审判；审判范围包括恶灵/堕落天使，这解释了保罗所说“我们要审判天使”。其他论及宝座/作王的经文并非指审判本身。,1,,,ok,[191]
1Cor 6:3,gpt-5,v1,1Cor,6,3,3,,豈不知我們要審判天使嗎？何況今生的事呢？,"The paragraph teaches that 1 Corinthians 6:1–3 uniquely affirms believers will participate in the actual judicial act of the last judgment, unlike other texts where “judging” means reigning. The judgment also includes evil spirits; thus “we will judge angels” refers to judging evil angels. By contrast, angels’ role in judgment is ministerial, not judicial.",本段指出：林前6:1–3独特地教导，信徒将实际参与末日审判的司法行为；其他经文中“审判/审理”多指“与基督一同作王”，而非真正的司法审判。此外，审判也包括恶灵，因此“审判天使”应指审判堕落的天使；天使在审判中的角色是服事性的，并非执掌审判。,1,,,ok,[191]
1Cor 6:11,gpt-5,v1,1Cor,6,11,11,,你們中間也有人從前是這樣；但如今你們奉主耶穌基督的名，並藉着我們神的靈，已經洗淨，成聖，稱義了。,"Vos argues that in 1 Cor 6:11 the Corinthians’ being washed, sanctified, and justified is attributed both to the name of the Lord Jesus and to the Spirit. If “sanctified” (hēgiasthēte) is taken as “consecrated,” the three terms together describe a forensic transaction. Within this judicial sphere the Holy Spirit has a specific role: He is both the seal attesting justification as an accomplished fact and the fruit that presupposes righteousness. The Spirit can be bestowed only on the basis of righteousness, grounded in the exalted Christ, whose resurrection-life in the Spirit is the abiding witness of righteousness for believers.",沃斯指出，林前6:11所说“洗净、成圣、称义”，既归于主耶稣的名，也归于神的灵；若将“成圣”（ἡγιάσθητε）理解为“被奉献/被分别为圣”，则这三步构成一个法庭性质（司法/称义层面）的事务。在此“法理”领域里，圣灵具有特定职分：一方面作为印证，见证称义已成事实；另一方面又作为义的果子，其赐下以“义”为前提。圣灵的赐予建立在基督复活并被高举的现实上——基督在灵里的复活生命，成为为信徒持续作见证的“义”的同在。,1,,,ok,[134]
1Cor 6:20,gpt-5,v1,1Cor,6,20,20,,因為你們是重價買來的。所以要在你們的身子上榮耀神。,"The author treats 1 Cor 6:20 within Paul’s commercial-forensic redemption imagery. Using the verb “to buy” (agorazō), Paul teaches that believers have been purchased by God at great cost, so they now belong to Him. In this verse, the point is ethical and ownership-oriented: because God bought us, He rightly claims our service and obedience—hence, glorify God in your body. The text does not intend to specify to whom any ransom was paid; pressing that question goes beyond Paul’s purpose here.",作者将林前6:20置于保罗“赎买”（商业—法理）意象中：借用“买”这一动词，保罗强调信徒已被神以重价买来，因此属于神。此处重点在伦理与归属：既然神以高昂代价买了我们，祂就有权要求我们的顺服与事奉——所以要在身体上荣耀神。经文并未意在说明赎价付给谁；追问此点超出保罗在此处的用意。,1,,,ok,"[518, 519]"
1Cor 7:26,gpt-5,v1,1Cor,7,26,26,,因現今的艱難，據我看來，人不如守素安常纔好。,"The paragraph links 1 Corinthians 7:26 (“the present distress”) to the Jewish concept of the Messianic woes—birth pangs that precede the new age—and says the NT applies this to Christ’s parousia. Thus, Paul’s counsel is framed by an expectation of imminent tribulation as a precursor to the end.",该段将哥林多前书7:26的“现今的艰难”与犹太传统中的“弥赛亚的产难”（末世来临前的患难）相连，并指出新约把此概念应用到基督的再临。因此，保罗的劝勉是基于对临近末世患难的预期。,1,,,ok,[168]
1Cor 7:31,gpt-5,v1,1Cor,7,31,31,,用世物的，要像不用世物，因為這世界的樣子將要過去了。,"The verse is used to support that the present form of this world is passing away as part of eschatological “regeneration.” This does not teach annihilation of creation but its transformation/renewal. In the consummation, the redeemed dwell centrally in heaven, while a renewed earth remains accessible and part of their inheritance.",此处将林前7:31用作证据，说明“现今世界的样子将要过去”是末世性“更新/再生”的一部分。这并非教导受造界被消灭，而是被更新转化。成全之时，得赎者以天上为主要居所，同时更新后的地仍可进入并成为产业的一部分。,1,,,ok,[195]
1Cor 7:39,gpt-5,v1,1Cor,7,39,39,,丈夫活着的時候，妻子是被約束的；丈夫若死了，妻子就可以自由，隨意再嫁，只是要嫁這在主裏面的人。,"The paragraph cites 1 Corinthians 7:39 as an instance where death is described as “falling asleep.” It argues this “sleep” language is a figurative New Testament usage, especially in Paul, applied to believers. It does not teach soul-unconsciousness: the ‘sleep’ is predicated of the person relative to earthly life, not of the spirit in the intermediate state. Thus, in 7:39 the husband’s “falling asleep” simply means he has died, without implying the dead are unconscious.",该段以林前7:39为“以睡眠表述死亡”的例证。指出新约（尤其保罗）将“睡了”作为比喻性用语，多用于信徒身上，并不意味着灵魂无知觉；“睡了”是指人对现世生活不再有联系，而非灵魂在中间状态中昏睡。因此，林前7:39中丈夫“睡了”即指他已去世，并不暗示死者无意识。,1,,,ok,[196]
1Cor 9:10,gpt-5,v1,1Cor,9,10,10,,不全是為我們說的嗎？分明是為我們說的。因為耕種的當存着指望去耕種；打場的也當存得糧的指望去打場。,"The excerpt uses 1 Corinthians 9:10 as a proof text for a hermeneutical principle: words in Scripture originally addressed to specific people also speak to later audiences, including us. Application is not something added by the interpreter; it flows from God’s Word itself, as Paul exemplifies when he says the command was written “for our sakes.”",该段以林前9:10作为诠释原则的例证：圣经中对特定对象所说的话，也同样对后来的人（包括我们）说。经文的应用不是人为附加，而是从神话语本身流出；保罗在“分明是为我们说的”中示范了这一点。,1,,,ok,"[256, 359]"
1Cor 9:11,gpt-5,v1,1Cor,9,11,11,,我們若把屬靈的種子撒在你們中間，就是從你們收割奉養肉身之物，這還算大事嗎？,"The excerpt uses 1 Corinthians 9:11 as evidence that Paul’s term “spiritual” (pneumatikos) is non‑substantial in meaning. In 9:11, “spiritual things” refers to spiritual benefits/ministries sown among the Corinthians, contrasted with material support, not a different kind of substance. This supports reading “spiritual body” in 1 Corinthians 15 as a body empowered/oriented by the Spirit rather than composed of spirit‑stuff.",该段以林前9:11 证明保罗对“属灵的”（pneumatikos）的用法不是指物质成分。经文中的“属灵的（事物）”指向所撒下的属灵益处/事奉，与“肉身的（物质的）供养”相对，并非某种“灵质”。这支持将林前15的“属灵的身体”理解为受圣灵掌管/赋能的身体，而非由“灵的物质”构成。,1,,,ok,[188]
1Cor 9:27,gpt-5,v1,1Cor,9,27,27,,我是攻克己身，叫身服我，恐怕我傳福音給別人，自己反被棄絕了。,"The passage explains that in 1 Corinthians 9:27 the Greek word adokimos (KJV “castaway,” RV “rejected”) means one who is rejected/disapproved—i.e., not acknowledged or accepted—rather than “unfit.” While adokimos can carry a testing connotation elsewhere, here the emphasis is on the idea of rejection (by God or men).",该段说明林前9:27中的希腊词 adokimos（KJV作“castaway”，RV作“rejected”）意为“被弃绝/不被认可”，强调“被神或人拒绝/不予承认”，而非“无能/不适合”。尽管该词在其他处可带有“经检验而未通过”的含义，但此处重点在“被弃绝”。,1,,,ok,[680]
1Cor 10:4,gpt-5,v1,1Cor,10,4,4,,也都喝了一樣的靈水。所喝的，是出於隨着他們的靈磐石；那磐石就是基督。,"These paragraphs only cite 1 Corinthians 10:4 as a cross-reference to the Exodus “water from the rock” narrative, advocating a Christ-centered reading of OT stories. They provide no direct exposition of the verse itself.",这些段落仅将哥林多前书10:4作为与“磐石出水”的对照经文，强调以基督为中心阅读旧约叙事；并未对该节本身作出具体解经。,0,,,ok,"[253, 356]"
1Cor 10:11,gpt-5,v1,1Cor,10,11,11,,他們遭遇這些事，都要作為鑒戒；並且寫在經上，正是警戒我們這末世的人。,"The paragraph uses 1 Corinthians 10:11 to support inaugurated eschatology: believers already live at the climax of the ages (“the ends of the ages have come” upon them), yet the final consummation (“the last day”) still lies ahead. Thus the church presently participates in eschatological realities without the ultimate completion having arrived.",该段以林前10:11为依据，说明“末世的尽头”已经临到信徒（已然），但最终的“末日”仍在将来（未然）。教会现今已参与末世性的现实，却尚未进入最终成全。,1,,,ok,[159]
1Cor 10:26,gpt-5,v1,1Cor,10,26,26,,因為地和其中所充滿的都屬乎主。,"The excerpt explains that Paul cites “The earth is the Lord’s, and everything in it” in 1 Corinthians 10:26 to support the practical conclusion that Christians may eat meat sold in the marketplace without raising conscience questions. While Psalm 24:1 states God’s ownership of all creation, Paul applies the same text to justify eating such food.",段落指出，保罗在林前10:26引用“地和其中所充满的都属耶和华”，用来支撑一个实际结论：基督徒可以放心吃市上所卖的肉，不必为良心疑问而查问。诗篇24:1强调万物属主，而保罗将同一经文应用于饮食/买卖情境以证明可食用。,1,,,ok,"[286, 389]"
1Cor 11:7,gpt-5,v1,1Cor,11,7,7,,男人本不該蒙着頭，因為他是神的形像和榮耀；但女人是男人的榮耀。,The excerpt is about 1 Corinthians 15 and only references 1 Corinthians 11:7 in passing to note Paul’s rejection of Philo’s two-creation reading of Genesis. It does not actually explain or comment on 1 Corinthians 11:7 itself.,该段主要讨论林前15章，只是顺带提到林前11:7，用以表明保罗并未采纳斐洛的“两次创造”解读；并未对11:7本身作出解释。,0,,,ok,[188]
1Cor 11:24,gpt-5,v1,1Cor,11,24,24,,祝謝了，就擘開，說：「這是我的身體，為你們捨〔有古卷作：擘開〕的，你們應當如此行，為的是記念我。」,"The phrase in 1 Cor 11:24, “This is my body for you” (huper humon), signals sacrificial surrender on behalf of believers. Thus Paul understands the Supper not merely as a rite of covenant fellowship but as an atoning rite that introduces into the new covenant because it atones. Together with “the new covenant in my blood” (v.25) and Passover imagery (1 Cor 5:7), Christ’s death is presented as removing the guilt of sin (objective) and grounding believers’ purity (subjective).",林前11:24中的“这是我的身体，为你们（ὑπὲρ ὑμῶν）”表明基督为信徒所献的牺牲性舍命。因此，保罗将主餐理解为不但引入新约团契，更首先是赎罪的礼仪；正因赎罪，才引入新约。配合“这杯是用我血所立的新约”（11:25）与逾越节意象（林前5:7），基督之死既除去罪咎（客观层面），也成为信徒圣洁生活的根基（主观层面）。,1,,,ok,[721]
1Cor 11:25,gpt-5,v1,1Cor,11,25,25,,飯後，也照樣拿起杯來，說：「這杯是用我的血所立的新約，你們每逢喝的時候，要如此行，為的是記念我。」,"The passage treats 1 Cor 11:25 as presenting Christ’s blood as sacrificial blood that inaugurates the new covenant, in conscious contrast to the Sinai covenant ratified with sacrificial blood. This shows Paul associates Christ’s blood with sacrificial propitiation, not merely with a violent death, and accords with his emphasis on Christ’s voluntary, obedient self-offering.",本文将林前11:25理解为：基督的血是立新约的“祭血”，与西奈之约用祭牲之血立约相对照；这表明保罗把基督之血与赎罪性的祭祀联系在一起，而不仅是暴力死亡的记号，也符合他强调基督自愿顺服地献上自己的死亡。,1,,,ok,[716]
1Cor 11:26,gpt-5,v1,1Cor,11,26,26,,你們每逢吃這餅，喝這杯，是表明主的死，直等到他來。,"The passage uses 1 Cor 11:26 to argue that the Lord’s Supper (and the New Covenant it signifies) belongs to the present, pre-eschatological period: it is a proclamation of Christ’s death until He returns. Thus the Supper/Covenant emphasizes present blessings (forgiveness and fellowship) rather than the consummated Kingdom, is distinct from the final Kingdom meal, and is grounded in Christ’s expiatory death, received through partaking of His body and blood. It cautions against importing a testamentary sense into Jesus’ Supper words and maintains a Kingdom–Covenant distinction.",该段以林前11:26论证：主的晚餐（及其所表明的新约）属于现今的末世前阶段；教会在“直到他来”之前通过圣餐宣告基督之死。因此，圣餐/新约侧重当下的祝福（赦罪与与神相交），有别于将来的国度盛宴，并且以基督的代赎之死为基础，通过领受祂的身体和宝血而得。作者并提醒不要把“遗嘱”之意读入主设立圣餐的话，并保持国度与约的区分。,1,,,ok,[71]
1Cor 11:30,gpt-5,v1,1Cor,11,30,30,,因此，在你們中間有好些軟弱的與患病的，死〔原文作睡〕的也不少。,"The paragraph uses 1 Cor 11:30’s term “sleep” to support the idea that death is an intermediate state before resurrection. Paul regards this disembodied state (“nakedness” of the soul) as relatively undesirable, yet it can still involve blessed fellowship with Christ. The author also distinguishes the intermediate state from final punishment (Gehenna) and discusses Hades as the realm/state of the dead, though that extends beyond this verse’s immediate context.",本段以林前11:30中“睡了”的用语，来论证死亡是复活前的“中间状态”。保罗视此为相对不理想，因为涉及灵魂“赤身”（无身体）之状；然而这并不排除与基督相交/同在的可观福分。作者也区分中间状态与最终的刑罚（“地狱”Gehenna），并讨论“阴间/哈得斯”（Hades）作为死者之境/状态，但此部分超出该节的直接语境。,1,,,ok,[198]
1Cor 12:4,gpt-5,v1,1Cor,12,4,4,,恩賜原有分別，聖靈卻是一位。,"The excerpt briefly appeals to 1 Corinthians 12:4 to support the idea that God distributes diverse gifts. It applies this to biblical interpretation: different people may be gifted to interpret different genres of Scripture (history, prophecy, poetry, parable, apocalypse), so not everyone has the same interpretive gifts.",该段简要引用林前12:4强调“恩赐有分别”。并将此原则应用于释经：不同的人可能在不同经文体裁（历史、预言、诗歌、比喻、启示文学）的解读上各有恩赐，因此并非人人在各体裁上都有同样的解经恩赐。,1,,,ok,"[312, 415]"
1Cor 15:8,gpt-5,v1,1Cor,15,8,8,,末了也顯給我看；我如同未到產期而生的人一般。,"The paragraph briefly cites 1 Corinthians 15:8 among texts used to argue against the idea that the dead are unconscious in the intermediate state. Within a broader claim that “sleep” is a figurative term describing the dead’s lack of relation to earthly life (not soul-unconsciousness), the verse is proof-texted as part of evidence for continued consciousness after death.",该段将林前15:8列入反对“死人在中间状态中无意识”的经文之一。作者主张“睡了”是比喻性说法，表示死者对现世的隔绝，而非灵魂无意识；林前15:8在此被作为支持死者仍有意识之见的证据之一。,1,,,ok,[196]
1Cor 15:10,gpt-5,v1,1Cor,15,10,10,,然而，我今日成了何等人，是蒙神的恩纔成的，並且他所賜我的恩不是徒然的。我比眾使徒格外勞苦；這原不是我，乃是神的恩與我同在。,"The excerpt uses 1 Corinthians 15:10 as a harmony text to affirm that Scripture does not teach meritorious good works. In line with Matthew 10:41 and Luke 17:10, it implies that Paul’s labor was due to God’s grace, not personal merit, so there is no contradiction among these passages.",本文将林前15:10作为经文和谐的依据，强调圣经并不教导善行能赚取功德。与太10:41、路17:10一致，林前15:10所表明的是：保罗的劳苦乃出于神的恩典，而非人的功劳，因此这些经文之间并无矛盾。,1,,,ok,"[302, 405]"
1Cor 15:22,gpt-5,v1,1Cor,15,22,22,,在亞當裏眾人都死了；照樣，在基督裏眾人也都要復活。,"The paragraph rejects reading 1 Corinthians 15:22 as teaching absolute universal salvation. It argues that when Paul says ""all,"" he is speaking in a cosmic or national sense, not promising the salvation of every individual, which would contradict his other teachings on predestination and the eternal destiny of the wicked.",该段否定把林前15:22解读为“绝对的普救论”。作者认为此处的“众人/全体”带有宇宙性或群体性的范围，并非保证每个个体最终得救；若读成普救，将与保罗关于预定与恶人永恒定命的教导相矛盾。,1,,,ok,[192]
1Cor 15:23,gpt-5,v1,1Cor,15,23,23,,但各人是按着自己的次序復活：初熟的果子是基督；以後，在他來的時候，是那些屬基督的。,"The verse’s phrase “at his coming” uses the technical term parousia, denoting Christ’s future arrival/manifestation (often linked with the judgment day). The verse teaches an ordered resurrection: Christ as the firstfruits, then those who belong to Christ at his parousia. It addresses bodily resurrection from the grave rather than the intermediate state and does not support the idea that believers abide in a local Hades until then.",本节“在他来的时候”使用术语“parousia”（再临），指基督将来的到来/显现（常与审判之日相关）。经文强调复活的次序：基督为初熟的果子，其后在他再临时属基督的人复活。它关注的是身体从坟墓中的复活，而非中间状态，并不支持信徒在一个地方性“阴间”居住至那日的观点。,1,,,ok,"[166, 200]"
1Cor 15:23-28,gpt-5,v1,1Cor,15,23,28,,但各人是按着自己的次序復活：初熟的果子是基督；以後，在他來的時候，是那些屬基督的。,"The paragraph rejects using 1 Cor 15:23–28 to teach a double resurrection or a millennial interim reign. In this passage the two “orders” (tagmata) are Christ and those who belong to Christ; unbelievers are not in view. “Then the end” (v.24) is the conclusion of the eschatological series, not a later resurrection of unbelievers. The kingdom Christ hands over to the Father does not begin at the parousia; it has been operative since Christ’s exaltation and continues until all enemies, including death, are subdued.",该段否定用林前15:23–28来支持“双重复活”或中间的千年国。经文中的两个“等次”（tagmata）是基督与属基督的人，并未讨论不信者。“随后是末期”（v.24）指的是整套末世事件的终结，而非不信者稍后的复活。基督所交付给父的国并非在再临才开始，而是自基督升天已在运行，直到一切仇敌（包括死亡）被制服为止。,1,,,ok,[182]
1Cor 15:26,gpt-5,v1,1Cor,15,26,26,,盡末了所毀滅的仇敵，就是死。,"The paragraph links 1 Cor 15:26 to Rev 20:14, noting that when Scripture says death and Hades are thrown into the lake of fire, this likely signifies the cessation/abolition of these evils (death’s destruction), which coheres with 1 Cor 15:26 and 15:54 (and Isa 25:8). It adds that “the second death” applies to the lost among humans, not to death and Hades themselves, and leaves open (though doubtful) whether death/Hades could be real demon powers.",该段将林前15:26与启20:14相联系，指出“死亡和阴间被扔在火湖里”很可能是人格化表述，意指这些恶的终止/废除（即死亡被毁灭），这与林前15:26、15:54（及赛25:8）相一致。作者并强调“第二次的死”是针对失丧之人，而非针对“死亡/阴间”本身；同时也保留（但存疑）“死亡/阴间”可能是具有实在性的恶势力之说。,1,,,ok,[438]
1Cor 15:28,gpt-5,v1,1Cor,15,28,28,,萬物既服了他，那時子也要自己服那叫萬物服他的，叫神在萬物之上，為萬物之主。,"The paragraph uses 1 Corinthians 15:28 to underscore Paul’s highly theocentric view of the consummated state: in the end God is “all in all.” The future life entails immediate vision of and perfect communion with God and Christ, and the perfected sonship is fully realized then.",该段以林前15:28强调保罗对末后成全之境界的高度神本观：最终神“成为万有之中的万有”。将来生命包含对神与基督的直接看见与完全相交，且儿子的名分在那时得以成全。,1,,,ok,[194]
1Cor 15:30-32,gpt-5,v1,1Cor,15,30,32,,我們又因何時刻冒險呢？,"The excerpt treats 1 Corinthians 15:30-32 as part of Paul’s teaching that the believer’s resurrection has a forensic (legal/vindicatory) aspect akin to Christ’s, though Paul more prominently emphasizes a pneumatic (Spirit-empowered, transformative) aspect of resurrection life. The Spirit originates and sustains the resurrection state, making resurrection the climax of believers’ transformation and linking Christ’s resurrection with believers’.",该段将林前15:30-32视为保罗教导的一部分，用来支持“信徒复活具有与基督复活相似的法庭性（申辩/宣判）意义”。同时作者强调：在保罗处，更突出的是复活的“属灵（圣灵主导、转化性）”层面；圣灵启动并维系复活的生命，使复活成为信徒转化的高潮，并把基督的复活与信徒的复活联结在一起。,1,,,ok,[184]
1Cor 15:35,gpt-5,v1,1Cor,15,35,35,,或有人問：「死人怎樣復活，帶着甚麼身體來呢？」,"The author explains that 1 Corinthians 15:35 raises a question about the kind or mode of the resurrection body rather than its material substance. Paul’s sowing metaphor teaches that our inability to picture the resurrection body does not make it impossible; God gives a body as He wills, often quite unlike the seed. The passage should not be pressed to assert a material ‘germ’ in the corpse or to detail degrees of identity; what is sown is the body, which dies and is made alive. The focus is on the body, not the believer’s subjective spirit. “Sowing” can be viewed as encompassing the whole earthly life (including burial). Paul also answers the 15:35 question by pointing to the diversity of bodies God already uses (15:39–41): here ‘sarx’ means ‘body,’ and the resurrection body will differ in kind (heteros) from the present body, not merely as another of the same kind (allos).",作者指出，林前15:35所提出的问题，关切的是复活之身的“样式/性质”，而非其物质“成分”。保罗以“撒种”的比喻说明：即便我们难以想象复活之身，也不因此否定其可能性；神按自己的旨意赐下身体，常与所撒的种子大不相同。此比喻不应被硬压去回答“身体中是否有某种生命胚芽”或“物质同一性”的问题；所“撒下”的就是身体本身，它死了，又被叫活。整段讨论焦点在“身体”，而非信徒主观的灵。“撒种”可理解为涵盖整个人生（当然包括下葬）。保罗又以神所造诸身体的多样（15:39–41）回应15:35：此处“肉体”（sarx）意近“身体”，复活之身与现今之身在“种类”上有显著差异（heteros），而不只是同类中的差别（allos）。,1,,,ok,[187]
1Cor 15:35-58,gpt-5,v1,1Cor,15,35,58,,或有人問：「死人怎樣復活，帶着甚麼身體來呢？」,"The passage addresses the kind (manner) of the resurrection body rather than its substance until v.50. Paul’s sowing metaphor does not teach material identity but answers the objection that we cannot conceive the resurrection body: God gives a different body as He wills. Some continuity is implied but not defined; the body itself is sown, dies, and is made alive—“bare grain” refers to the body, not the believer’s subjective spirit. The Spirit in view is the (objective) Spirit of Christ. “Sowing” may encompass the whole earthly life (including burial), suggested by the predicates in vv.42–43. In vv.39–41 Paul argues from the diversity of bodies God already gives (animals, heavenly/earthly, differences among heavenly bodies), focusing on kind/quality/appearance rather than substance; sarx in v.39 equals “body,” not “fleshly lusts.” The Greek contrast allos/heteros indicates the resurrection body differs in kind (heteros), not merely as another of the same kind.",本段主要讨论复活身体的“样式/类型”，而非其“本质”（直到15:50才触及本质问题）。保罗的“撒种”比喻不是强调物质同一性，而是回应“不可想象即不可能”的质疑：神照祂的旨意赐下不同的身体。经文仅暗示某种连续性，却未详细界定；所“种”的是身体本身，它死而复活——“赤露的子粒”指身体，不是信徒主观的灵；文中涉及的灵是客观的基督之灵。“撒种”可能包括整个人在世的生命（并当然包含下葬），由15:42–43的“羞辱、软弱、属血气”等用语支持。15:39–41通过受造界身体的多样性（动物、天体与地体、天体之间的差异）论证焦点在“样/性质/外观”而非“本质”；15:39的“肉”（sarx）等同“身体”，不是“情欲的肉体”。希腊文 allos/heteros 的对比表明：复活的身体在“种类”上与现今身体大为不同（heteros），不只是同类中的另一个（allos）。,1,,,ok,[187]
1Cor 15:36,gpt-5,v1,1Cor,15,36,36,,無知的人哪，你所種的，若不死就不能生。,"The paragraph explains that Paul’s sowing metaphor in 1 Cor 15 emphasizes difference in kind/quality rather than identity of substance. Verse 36 shows Paul is not positing a distinct life-germ separate from the body; what is sown is the body itself, which dies and is made alive as a whole. The “bare grain” is the body, not the human spirit (since the seed dies, which does not apply to the Pneuma). The discussion is framed entirely from the standpoint of the body; when Spirit is mentioned it is the Spirit of Christ. Some extend the time of “sowing” to the entire earthly life (with burial certainly included).",该段指出，保罗在林前15章用“撒种”的比喻是为说明复活身体在“种类/性质”上与现今身体不同，而非强调物质同一性。15:36表明，保罗并未主张有一个与身体分离的“生命胚芽”被交付坟墓并在末日复活；相反，被撒下的是身体本身，身体死了，也整体被叫活。“赤露的种子”（15:37）说明这里指的是身体而非人的灵，因为“种子会死”，这不适用于人的灵（Pneuma）。整段讨论的视角在于身体；若提及“灵”，乃指基督的灵。此外，“撒种”的时间可延伸为整个人生，但埋葬无疑包含其中。,1,,,ok,[187]
1Cor 15:42-50,gpt-5,v1,1Cor,15,42,50,,死人復活也是這樣：所種的是必朽壞的，復活的是不朽壞的；,"The passage contrasts two orders: the present, “psychical” (natural) order and the eschatological, “pneumatic” (Spirit-governed) order inaugurated by resurrection. In vv. 42–43 the resurrection body bears incorruption, glory, and power, in contrast to corruption, dishonor, and weakness of the present body. In vv. 45–46 Paul broadens the contrast beyond the body to two world-orders, each headed by an Adam—the first from earth (ek gēs), the second characterized as from heaven (ex ouranou). “From heaven” refers not to Christ’s preexistence or incarnation but to his eschatological state; reading it otherwise would contradict the order “not the pneumatic first, but the psychical” and would wrongly make the pneumatic constitutive of Christ pre-incarnation. Paul’s focus is the resurrection as the beginning of the new aeon and the Spirit’s rule over the eschatological body.",本段对比两个秩序：现今“血气/魂性的”（yucikon，天然）秩序，与因复活而开启的“灵性的”（pneumatikon，由圣灵掌权）末世秩序。42–43节指出复活的身体具有不朽、荣耀、能力，与现在身体的朽坏、羞辱、软弱相对。45–46节把对比从“身体”扩大到整个人类状况与两大世界秩序：各由一位“亚当”作首，第一位“出于地”，第二位“出于天”。这里“出于天”（ex ouranou）并非指基督的先在或道成肉身的来临，而是指其末世性的状态；否则将违背“不是属灵的在先，乃属血气的在先”的次序，并误以为“灵性”在道成肉身前已构成基督位格。使徒意在表明：复活乃新世代的开端，圣灵在复活之体上掌权。,1,,,ok,[131]
1Cor 15:43,gpt-5,v1,1Cor,15,43,43,,所種的是羞辱的，復活的是榮耀的；所種的是軟弱的，復活的是強壯的；,"The verse’s “raised in glory” is read as Paul’s eschatological doxa: a reflection of God’s own glory that carries honor. Its value is not merely external radiance but its God-centered, revelatory quality, expressing believers’ acceptance with God and participation in the consummate state of direct communion with God and Christ.",经文所说“复活的是荣耀的”指向保罗的末世“荣耀”（doxa）：反映神自己的荣耀，并带有“尊荣”。其价值不在外在光辉本身，而在其以神为中心、具有启示性的特质，彰显信徒被神接纳，并参与末世与神和基督直接相交的成全状态。,1,,,ok,[194]
1Cor 15:44,gpt-5,v1,1Cor,15,44,44,,所種的是血氣的身體，復活的是靈性的身體。若有血氣的身體，也必有靈性的身體。,"The contrast in 1 Cor 15:44 between a “natural/psychical” body and a “spiritual” body is eschatological. “Spiritual” (pneumatikos) denotes a mode of existence determined by the Holy Spirit—the constitutive principle of the age to come—not merely a principle of revelation. Paul’s distinctions in 1 Cor 2–3 (spiritual vs. fleshly; walking “as men”) parallel this, showing that the Christian state belongs to an order different from nature, though not implying believers become superhuman. Believers already partake of the future life’s quality through the Spirit, which explains both their capacity for revelation and the eschatological meaning of “spiritual.”",林前15:44中“属魂/血气的”（psychikos）与“属灵的”（pneumatikos）的对立是末世性的。“属灵”指一种由圣灵所决定的存在形态——圣灵是将来之世的本体性原则，而不仅是启示的原则。林前2–3章的区分（属灵/属肉体、按着世人而行）与此相平行，显示基督徒的状态属于不同于自然的秩序，但并不意味着人成为“超人”。信徒因圣灵已在今世部分分享将来生命的特质，因此能领受启示，也由此明白“属灵”的末世性含义。,1,,,ok,[141]
1Cor 15:45,gpt-5,v1,1Cor,15,45,45,,經上也是這樣記着說：「首先的人亞當成了有靈〔靈：或作血氣〕的活人」；末後的亞當成了叫人活的靈。,"Paul uses Genesis 2:7 to ground the contrast in 1 Cor 15:45 between the first Adam as a “living soul” (psychical body) and the last Adam as “life‑giving Spirit” (pneumatic body). The psychical body, given at creation, is animated by the natural soul—adequate for earthly life but vulnerable to death once sin enters; corruption and weakness are not inherent necessities of creation itself. Paul avoids calling the creation body “fleshly” (sarkikos) because that term is tied to sin. He argues typologically: the creation-body prefigures a higher, resurrection body, so if a psychical body exists, a pneumatic body also exists. He rejects Philo’s two‑creation scheme and does not teach a change of bodily substance; “from heaven” does not denote material. Positively, the believer’s resurrection body will bear Christ’s image.",保罗在林前15:45借创世记2:7确立对比：第一亚当是“有灵的活人”（心理之体/属魂之体），末后的亚当是“叫人活的灵”（属灵之体）。心理之体是创造时所赐、由“魂”作生命原理，足以维持地上的生命，但在罪进入后会落入败坏与死亡；这些软弱并非创造本身必然的结果。保罗避免用与罪相关的“属肉体”（sarkikos）描述创造之体。其论证是预表性的：受造之体预示更高的复活之体——“若有属魂之体，也必有属灵之体”。他拒绝斐洛的“两重创造”解释，也未教导身体物质被更换；“属/从天上来”并非指材料。积极而言，信徒的复活之体将照着基督的形像。,1,,,ok,[188]
1Cor 15:45-49,gpt-5,v1,1Cor,15,45,49,,經上也是這樣記着說：「首先的人亞當成了有靈〔靈：或作血氣〕的活人」；末後的亞當成了叫人活的靈。,"Both excerpts comment on 1 Cor 15:45-49 by highlighting Paul’s Adam–Christ contrast and the Spirit-shaped nature of resurrection life. The passage is read as teaching that (1) the resurrection life and state are “pneumatic,” i.e., originating in and sustained by the Holy Spirit, with Christ as the life‑giving Spirit, and (2) Adam and Christ represent two successive stages in God’s purpose for humanity—original rectitude (earthly/natural) and consummate glory (heavenly/spiritual)—so Christ’s work surpasses mere restoration to Adam’s state and ushers believers into glorious, heavenly likeness.",两段材料都在诠释林前15:45-49：保罗以“亚当—基督”的对比说明复活生命与复活状态是“属灵的”（由圣灵发起并维系），基督为“叫人活的灵”；同时，亚当与基督代表神对人类计划的两个阶段——起初的正直（属土/属血气）与成全的荣耀（属天/属灵）。因此，基督所成就的超越了把人仅仅带回亚当的原状，而是引入属天的荣耀形像。,1,,,ok,"[184, 727]"
1Cor 15:47,gpt-5,v1,1Cor,15,47,47,,頭一個人是出於地，乃屬土；第二個人是出於天。,"Both excerpts treat Paul’s contrast between the first man (Adam) and the second man (Christ) to clarify what “of/from heaven” means. The first man is “of the earth” in the order of creation and, once sin enters, his psychical (natural) body is subject to corruption; the second man is “of heaven,” indicating a heavenly origin/sphere and mode, not a different material substance. Paul avoids sarkikos (fleshly) because it is tied to sin, and he does not claim the resurrection body is made of “spirit” as a substance. Genesis 2:7 undergirds a typological argument: the first creation-body prefigures the higher, pneumatic resurrection body realized in Christ, whose image believers will bear. “From heaven” also denotes God’s supernatural activity and the heavenly pattern to which realities conform, not merely a reverent circumlocution for God.",两段材料都阐明保罗在林前15:47中对第一人（亚当）与第二人（基督）的对比，以说明“出于/从天”的含义。第一人“出于地、属土”，在创造次序中居先；当罪进入后，他“属魂/天然的身体”就落入败坏。第二人“出于天”，强调的是天上的来源与领域、神的作为方式，而不是指一种不同的物质本质。保罗回避与罪相关的“属肉体”（sarkikos），也并未主张复活身体是用“灵”这种物质构成。创2:7为此提供预表基础：起初的创造之身预示更高的“属灵的”复活之身，这在基督里得成全，信徒将效法基督的形像。“从天而来”也表达神超自然的行动与天上的范式，而非仅以“天”代替“神”的敬语。,1,,,ok,"[188, 430]"
1Cor 15:49,gpt-5,v1,1Cor,15,49,49,,我們既有屬土的形狀，將來也必有屬天的形狀。,"The author uses 1 Cor 15:49 to affirm that believers will in the future bear the heavenly image—i.e., their resurrection body will be patterned after Christ’s resurrection body. This supports two points: (1) there is no present, on-earth preformation of the spiritual body; the heavenly image belongs to the eschatological transformation, and (2) Paul gives a formal (not material) description: “spiritual/pneumatic” speaks of mode and power of life, not substance, and v.49 positively teaches conformity to Christ’s image without specifying the body’s material.",作者以林前15:49说明：信徒将来要有属天者的形状——复活的身体将按基督复活之身的样式而得。由此得出两点：(1) 属灵身体并非今世在地上逐步成形；属天形象属于末世复活时的改变；(2) 保罗所给的是“形式/性质”的描述而非物质成分——“属灵（气的）身体”指生命方式与能力，不指构成材料，15:49积极教导的是与基督形象相符，却未界定取代“血肉”的物质。,1,,,ok,"[185, 188]"
1Cor 15:50,gpt-5,v1,1Cor,15,50,50,,弟兄們，我告訴你們說，血肉之體不能承受神的國，必朽壞的不能承受不朽壞的。,"These excerpts treat 1 Cor 15:50 as the point where Paul briefly touches the question of the resurrection body’s substance—only negatively—stating that “flesh and blood” (the present mortal, corruptible mode of life) cannot inherit God’s kingdom. Throughout the passage Paul’s main emphasis is on a qualitative/kind difference between the present body and the resurrection body, not on material composition. He does not specify what replaces “flesh and blood.” The term “spiritual” (pneumatikon) denotes a body empowered/suited to the Spirit, not one made of a different substance.",这些段落指出：保罗在林前15:50才以否定式触及复活身体的“物质”问题——“血肉之体不能承受神的国”，意指现今必朽坏的血肉生命形态不能承受神国。整段论证的重点在于身体“种类/性质”的差异，而非“物质”差异；保罗并未说明将以何种“物质”取代血肉之体。“属灵的”（pneumatikon）指由圣灵赋能、适配天上生命的身体，并非由“灵”这类新物质构成。,1,,,ok,"[187, 188]"
1Cor 15:51-53,gpt-5,v1,1Cor,15,51,53,,我如今把一件奧祕的事告訴你們：我們不是都要睡覺，乃是都要改變，,"The paragraph treats 1 Cor 15:51-53 as a key text on the transformation at the Parousia, restricted to believers. It contrasts Paul’s metaphors: in 2 Cor 5 the heavenly body is ""put on"" over the earthly (mortal swallowed up by life), while in 1 Cor 15 the old body is changed into the new. Two readings of 1 Cor 15:51-53 are noted: (1) it generally describes the transformation applicable to both the resurrected dead and those still alive, supporting continuity between present and resurrection bodies; (2) Paul expected all his readers to survive and be changed alive. The author judges more plausible the reading that ""not all"" will die, but all—both dead and surviving—will be changed at the Parousia, acknowledging textual/interpretive difficulties reflected in early variant readings.",本段将林前15:51-53视为论到主再来时改变（只涉及信徒）的关键经文。它对比保罗的比喻：林后5强调“穿上”属天之体，使必死的被生命吞灭；而林前15强调由旧身体“改变”为新身体。对林前15:51-53有两种解读：（1）这是对过程的笼统描述，既适用于复活的死人也适用于当时仍活着的人，此解读支持今世身体与复活身体之间的延续性；（2）保罗期望他与读者都存活到主来并当场被改变。作者更倾向的解读是将否定词连于“众人”：并非“都要睡”，但无论已死或存活，“都要改变”，且承认经文存在文本与诠释上的难点，早期改动读法已反映此困难。,1,,,ok,[189]
1Cor 15:52,gpt-5,v1,1Cor,15,52,52,,就在一霎時，眨眼之間，號筒末次吹響的時候。因號筒要響，死人要復活成為不朽壞的，我們也要改變。,The excerpt links 1 Corinthians 15:52 to the resurrection at Christ’s parousia. It argues that the trumpet/sounds accompany Christ’s descent (cf. 1 Thess 4:16) and that the dead rise as he descends; 1 Cor 15:52 is cited as a parallel text about the final trumpet at which the dead are raised and believers are transformed. It also identifies the ‘trump of God’ with the great eschatological trumpet.,该段将林前15:52与主再临时的复活联系起来，指出号筒（声音）伴随基督从天降临（参帖前4:16），死人在其降临过程中复活；林前15:52作为平行经文见证末次号筒吹响时死人复活、信徒改变。并将“神的号筒”与末世的“大号”相对应。,1,,,ok,[178]
1Cor 15:55,gpt-5,v1,1Cor,15,55,55,,死啊！你得勝的權勢在那裏？死啊！你的毒鉤在那裏？,"The verse has a textual variant: Textus Receptus reads “O Hades,” while the likely correct reading in critical editions is “O Death” (Thanate). If “Hades” is read, it is a personification used non-locally for the state of death, not a geographic underworld, and should be understood in light of Old Testament Sheol rather than Greek mythology. The KJV reflects the TR here with “grave” (margin “hell”), influenced by Hosea 13:14.",本节存在文本变体：公认本文（TR）作“阴间啊”，而更可靠的批判文本多读作“死亡啊”（Thanate）。若读“阴间”，此处是将其人格化，且是“非地域性”的用法，指死亡之状态，而非地理上的冥府，应当按旧约“阴间（Sheol）”的观念来理解，而非希腊神话。英王钦定本因依循TR并受何西阿书13:14影响，译作“坟墓/阴间”。,1,,,ok,"[198, 200]"
1John 2:1,gpt-5,v1,1John,2,1,1,,我小子們哪，我將這些話寫給你們，是要叫你們不犯罪。若有人犯罪，在父那裏我們有一位中保，就是那義者耶穌基督。,"The paragraph cites 1 John 2:1 to show that John’s term “parakletos” (Advocate) aligns with Christ’s ongoing heavenly intercession and mediatorial role, which is priestly in character. Thus, 1 John 2:1 supports the broader NT witness that Christ functions as priestly mediator, not only in Hebrews.",该段将约翰一书2:1的“保惠师/辩护者”（paraklētos）与基督在天上的代求与中保职分相连，表明这一职分具有祭司性质。因此，约壹2:1 也见证了新约更广泛的主题：基督担任为信徒代求的祭司式中保，并非仅限于希伯来书。,1,,,ok,[488]
1John 2:2,gpt-5,v1,1John,2,2,2,,他為我們的罪作了挽回祭，不是單為我們的罪，也是為普天下人的罪。,"The paragraph directly comments on 1 John 2:2, arguing that the verse should be read with the classic distinction between the sufficiency and the intended efficacy of Christ’s atonement. John’s purpose is not to define the extent of the atonement’s actual operation or to teach universalism, but to assure believers of the inexhaustible sufficiency of Christ’s propitiation for their sins.",该段直接论及约一2:2，主张应当以“赎罪之充足性”与“（上帝）有效意旨”之区分来理解此节。作者意图并非说明赎罪实际生效的范围或教导普救论，而是要使信徒确信：基督为罪作的挽回祭对他们的罪有取之不尽的充足与丰盛。,1,,,ok,[708]
1John 2:17,gpt-5,v1,1John,2,17,17,,這世界和其上的情慾都要過去，惟獨遵行神旨意的，是永遠常存。,"Uses 1 John 2:17 to support the eschatological teaching that the present world order will pass away within a broader regeneration (palingenesia), not by annihilation of its substance. The redeemed’s central abode will be heaven, while a renewed earth remains accessible and part of their inheritance.",将约一2:17用作支持末世“重生/更新”（palingenesia）的经文：现今的世界秩序将过去，但并非实体被消灭，而是被更新转换。得赎之人的中心居所在天上，更新后的地仍可进入，且属他们产业的一部分。,1,,,ok,[195]
1John 2:18,gpt-5,v1,1John,2,18,18,,小子們哪，如今是末時了。你們曾聽見說，那敵基督的要來；現在已經有好些敵基督的出來了，從此我們就知道如今是末時了。,"These excerpts treat 1 John 2:18 in two intertwined ways: (1) the “last time/last hour” as the closing section of the present age already underway, and (2) the Antichrist concept. They argue that the NT views believers as living in the last times (already/not‑yet), with 1 John 2:18 as a key witness. In the Johannine letters, many antichrists are already present, yet the audience had also heard of a coming personal Antichrist; the present outbreak of anti‑Christian forces signals that the last hour has arrived. The term “Antichrist” is distinctive to John, while related figures appear in the Synoptics, Paul, and Revelation; its roots need not be sought in extra‑biblical myth but can arise from OT eschatology. Notably, 1 John 2:18 infers the last hour not from Messiah’s presence but from the manifestation of anti‑Christian powers.",这些段落从两方面讨论约一2:18：（1）“末时／末小时”是现今世代的收尾阶段，已然开始；（2）“敌基督”的概念。新约认为信徒已活在“末时”（已然与未然并存），而约一2:18是重要见证。约翰书信指出，许多“敌基督的”已经出来，同时读者也听过将有一位“敌基督”要来；正是这些反基督势力的出现，表明“如今是末时了”。“敌基督”一词是约翰特有，但对立基督的角色也见于对观福音、保罗及启示录；其思想根源可从旧约末世预言解释，无需诉诸圣经以外的神话。值得注意的是，约一2:18判断“末小时”已到，并非因弥赛亚已来，而是因反基督势力已显明。,1,,,ok,"[159, 173, 174, 439]"
1John 2:28,gpt-5,v1,1John,2,28,28,,小子們哪，你們要住在主裏面。這樣，他若顯現，我們就可以坦然無懼；當他來的時候，在他面前也不至於慚愧。,"The paragraph explains the NT term parousia (“coming/arrival”) used in 1 John 2:28. In Christian usage it denotes Christ’s second coming (not the incarnation), colored by the awareness of Jesus’ present bodily absence and pointing to His future abiding presence with believers. Related terms (apokalupsis, “revelation”; epiphaneia, “appearance”; and “the day of the Lord”) highlight the public manifestation and often the judgment aspect of that future coming—fitting the verse’s exhortation to abide in Him so as to have confidence and not be ashamed at His coming.",该段解释了约一2:28中使用的“parousia（来临/到来）”。在基督徒用法中它特指基督的再来（非第一次的道成肉身），带出耶稣目前肉身不在、将来要与信徒同在的意味。相关同义概念包括“启示”（apokalupsis）、“显现/显明”（epiphaneia）与“主的日子”，常强调将来公开的显现并与审判相连。这有助于理解本节为何劝勉“住在主里面”，好在他再来时坦然无惧、不致惭愧。,1,,,ok,[166]
1John 4:3,gpt-5,v1,1John,4,3,3,,凡靈不認耶穌，就不是出於神；這是那敵基督者的靈。你們從前聽見他要來，現在已經在世上了。,"The passage affirms that 1 John presents both many antichrists and the expectation of a singular personal Antichrist. 1 John 4:3 identifies the present activity of the “spirit of the antichrist” (already in the world) alongside a future coming, paralleling 2 Thessalonians 2:7’s “already at work” motif.",该段指出，约翰一书既描述“许多敌基督”，也承认将来会有一位个人性的“敌基督”。约一4:3表明“敌基督的灵”如今已经在世上运行，同时仍有将来的来临，这与帖后2:7“已经运行”的意念相呼应。,1,,,ok,[174]
1John 4:8,gpt-5,v1,1John,4,8,8,,沒有愛心的，就不認識神，因為神就是愛。,"The statement “God is love” must not be interpreted in a way that contradicts Scripture’s revelation of God’s wrath against sin; otherwise the necessity of Christ’s suffering becomes unintelligible. In 1 John, this truth functions against Gnostic tendencies, stressing the ethical nature of God and the practical test of love for the brethren as evidence of knowing God. The phrase has been often misused when abstracted from its context; John also affirms God as light and life, preventing a reduction of God’s being to a vague, substance-less love.",“神就是爱”不可被解释为与圣经所启示的神对罪的忿怒相冲突；否则基督为罪受苦就失去意义。在约一中，这一宣告是针对诺斯底倾向而提出，强调神的品格具有伦理属性，并以爱弟兄作为认识神的实际检验。此语若脱离语境常被滥用；约翰同时称神为光、为生命，防止把神简化为一种空洞、无本体的“爱”。,1,,,ok,"[291, 394, 712]"
1Kgs 3:18,gpt-5,v1,1Kgs,3,18,18,,我生孩子後第三日，這婦人也生了孩子。我們是同住的，除了我們二人之外，房中再沒有別人。,"The excerpt cites “1 Kings 3:18” as containing a deceiving word from the old prophet at Bethel, which is almost certainly a misreference to 1 Kings 13:18. Thus, it does not actually comment on 1 Kings 3:18.",引文称“列王纪上3:18”包含“伯特利老先知”的欺骗之言，但这应为误引（应为列王纪上13:18），因此并未真正注释3:18。,0,,,ok,"[247, 350]"
1Kgs 13:16,gpt-5,v1,1Kgs,13,16,16,,神人說：「我不可同你回去進你的家，也不可在這裏同你吃飯喝水；,"The excerpts use 1 Kings 13:16ff as an illustrative case for discernment in interpretation: not every claimed or quoted “word from God” is truly God’s Word. Messages must agree with God’s prior command and with the whole of Scripture. Like the episode surrounding 1 Kgs 13:16, interpreters must distinguish true from false prophetic words and reject messages that violate the broader scriptural intention or context.",这些段落把列王记上13:16及其后文当作例证，强调解经与分辨：并非所有被称为“从神来的话”都是真实的。任何信息都必须与神先前的命令及整本圣经的旨意相符合。正如13:16前后故事所显明的，信徒要分辨真假先知的话，拒绝与更广泛经文意旨或上下文相冲突的信息。,1,,,ok,"[251, 354]"
1Sam 2:2,gpt-5,v1,1Sam,2,2,2,,只有耶和華為聖；除他以外沒有可比的，也沒有磐石像我們的神。,"The paragraph uses 1 Samuel 2:2 to argue that in the Old Testament God’s “holiness” denotes His uniquely divine, majestic otherness that evokes awe. Holiness is not merely one attribute among others but an aspect under which all God’s attributes are viewed, distinguishing Him from creatures. This holiness is closely associated with divine power and can even function as a virtual synonym for omnipotence.",该段以撒上2:2为依据，指出旧约中的“圣”主要强调上帝独一无二、威严超越的神性本质，唤起人的敬畏；“圣洁”并非仅是诸属性中的一个，而是贯穿并规定一切神之属性的独特视角，使祂与受造物有绝对区别；此外，圣洁与神能密切相关，甚至可与全能几乎同义。,1,,,ok,[441]
1Sam 3:9,gpt-5,v1,1Sam,3,9,9,,因此以利對撒母耳說：「你仍去睡吧；若再呼喚你，你就說：『耶和華啊，請說，僕人敬聽！』」撒母耳就去，仍睡在原處。,"The verse is invoked as a model posture for interpreters: approaching Scripture with faith, reverence, and a listening, servant heart—praying, ""Speak, LORD, for your servant is listening."" Such humility shapes interpretation and leads to joy in God's revealed word and guidance.",此节被用作解经者的心态范例：以信心、敬畏与谦卑聆听的仆人之心来读经，祷告说：“耶和华啊，请说，仆人敬听。”这种姿态会烙印在解释上，并带来因神启示与引导而有的喜乐。,1,,,ok,"[245, 348]"
1Sam 6:9,gpt-5,v1,1Sam,6,9,9,,你們要看看：車若直行以色列的境界到伯示麥去，這大災就是耶和華降在我們身上的；若不然，便可以知道不是他的手擊打我們，是我們偶然遇見的。」,"The excerpt uses 1 Samuel 6:9 (with 6:12) to assert that there is no such thing as chance: God’s omnipotence comprehensively governs events, even minute cause-and-effect. The Philistines’ test—whether the cows go straight to Beth-shemesh—illustrates that outcomes are directed by the Lord rather than accidental or random.",该段以撒上6:9（并参6:12）说明“没有偶然”：上帝全能主宰万事，甚至最微小的因果细节。非利士人以母牛车是否直往伯示麦来试验，结果显示事件并非偶然，而是耶和华的手在掌管。,1,,,ok,[442]
1Sam 6:12,gpt-5,v1,1Sam,6,12,12,,牛直行大道，往伯示麥去，一面走一面叫，不偏左右。非利士的首領跟在後面，直到伯示麥的境界。,"The paragraph uses 1 Samuel 6:12 (alongside 6:9) as a proof that there are no accidents under God’s omnipotence. The cows’ straight, unwavering path to Beth-shemesh illustrates God’s comprehensive control over events—even down to minute details—and His ability to direct outcomes without relying on secondary causes.",该段以撒上6:12（并参6:9）为佐证，说明在神的全能与护理之下并无偶然。母牛笔直前往伯示麦、不偏左右，显示神对事件的全面掌管，甚至细微之处也在祂手中；祂不必依赖第二因，因祂本身就支配并成就一切。,1,,,ok,[442]
1Sam 12:17,gpt-5,v1,1Sam,12,17,17,,這不是割麥子的時候麼？我求告耶和華，他必打雷降雨，使你們又知道又看出，你們求立王的事是在耶和華面前犯大罪了。」,"The excerpt cites 1 Samuel 12:17 as evidence that Scripture attributes rain and storms to God’s direct action, highlighting His omnipotence and sovereign control over nature rather than impersonal processes.",该段将撒上12:17用作证据，说明圣经把降雨与雷暴归于神的直接作为，强调祂对自然的全能与主权，而非仅仅自然过程。,1,,,ok,[442]
1Sam 15:3,gpt-5,v1,1Sam,15,3,3,,現在你要去擊打亞瑪力人，滅盡他們所有的，不可憐惜他們，將男女、孩童、吃奶的，並牛、羊、駱駝，和驢盡行殺死。』」,"Uses 1 Samuel 15:3 as a hermeneutical example: God’s command was explicit and literal; Saul reinterpreted it according to what seemed right to him, deviating from the plain meaning. Such deviation from the literal command was so serious that God rejected Saul as king. Therefore, interpreters must not rationalize or spiritualize Scripture in ways that detach from the text’s plain sense.",以撒母耳记上15:3作为诠释学例子：神的命令是明确且应按字面遵行；扫罗按自己看为对的方式重新解读，偏离了经文的字面意思。因此被神弃绝为王。由此强调：不可用理性化或“属灵化”的方式脱离经文本义来解释圣经。,1,,,ok,"[295, 398]"
1Sam 15:11,gpt-5,v1,1Sam,15,11,11,,「我立掃羅為王，我後悔了；因為他轉去不跟從我，不遵守我的命令。」撒母耳便甚憂愁，終夜哀求耶和華。,"The phrase “the LORD repented” in 1 Samuel 15:11 is anthropomorphic and must not be taken to mean God undergoes an essential change of mind. It should be interpreted in a manner worthy of God and harmonized with passages affirming his immutability (e.g., 1 Sam 15:29; James 1:17). Interpreters should prioritize God’s intent as the divine Speaker and avoid twisting Scripture by readings that conflict with God’s revealed nature.",撒上15:11中的“耶和华后悔”是拟人化表达，不表示神本质上改变心意；须按与神的性质相称的方式来理解，并与 affirm 神不变性的经文（如撒上15:29、雅1:17）协调。诠释时应以神作为说话者的旨意为主，避免与神的启示性情相冲突的解释，以免曲解经文。,1,,,ok,"[292, 395]"
1Sam 15:29,gpt-5,v1,1Sam,15,29,29,,以色列的大能者必不至說謊，也不至後悔；因為他迥非世人，決不後悔。」,"The excerpt uses 1 Samuel 15:29 as a hermeneutical control: anthropomorphic statements about God “repenting” (e.g., Gen 6:6; 1 Sam 15:11) must not be read as implying an essential change in God, because Scripture elsewhere (1 Sam 15:29; Jas 1:17) reveals God’s immutability and truthfulness. Therefore, divine “repentance” language should be understood in a manner worthy of God and consistent with His unchangeable nature.",该段将撒上15:29作为诠释原则：当圣经说“上帝后悔”（如创6:6；撒上15:11）时，不可理解为上帝本质上改变心意；因为经文别处（撒上15:29；雅1:17）启示上帝的不变与真实。因此，关于上帝“后悔”的拟人化表述应以配得上帝、合乎祂不变性的方法来理解。,1,,,ok,"[292, 395]"
1Sam 17:26,gpt-5,v1,1Sam,17,26,26,,大衛問站在旁邊的人說：「有人殺這非利士人，除掉以色列人的恥辱，怎樣待他呢？這未受割禮的非利士人是誰呢？竟敢向永生神的軍隊罵陣麼？」,"The excerpt cites 1 Samuel 17:26 as an example in a theme of God’s omnipotence over against impotent idols: David’s appeal to ""the living God"" frames Goliath’s defiance as an affront to God whose power contrasts with powerless idols.",该段将撒上17:26列为论证“神全能、偶像无力”的例证：大卫称耶和华为“永生神”，将歌利亚的辱骂视为对上帝权能的挑衅，凸显偶像的无能与神大能的对比。,1,,,ok,[441]
1Tim 6:13,gpt-5,v1,1Tim,6,13,13,,我在叫萬物生活的神面前，並在向本丟彼拉多作過那美好見證的基督耶穌面前囑咐你：,"The paragraph briefly treats 1 Tim 6:13 by noting its phrase ""God quickens/keeps alive all things"" and grouping it with the Pastoral Epistles' universal-sounding texts. The author argues that, contextually, such ""all"" language points to all kinds/classes of people rather than every individual without exception; thus 6:13 affirms God as universal life-giver without teaching numerical universalism or universal salvation.",该段简要提及提前6:13的“神使万物活着（或：维持万物的生命）”，并将其与教牧书信中带有“普遍性”的经文并列讨论。作者主张在语境中，这些“众人/万物”的表述是指各阶层、各类人的普遍性，而非每一个个体；因此，6:13强调神普世性的赐生命与护理，并不支持普救论。,1,,,ok,[709]
2Chr 28:3,gpt-5,v1,2Chr,28,3,3,,並且在欣嫩子谷燒香，用火焚燒他的兒女，行耶和華在以色列人面前所驅逐的外邦人那可憎的事；,"The verse’s mention of burning children in the Valley of Hinnom ties to the historical Molech worship practiced there. This atrocity (cited with 2 Chr 28:3; 33:6) is a key reason the Valley of Hinnom (Gehenna) later became the technical term for the place of final, fiery judgment (“hell”) in the New Testament.",本节所述在欣嫩子谷焚烧儿女与当地向摩洛献童祭的历史相符。正是这种可憎之事（见代下28:3；33:6），使“欣嫩子谷”（Gehenna）后来成为新约中指向最终火刑审判（“地狱”）的专称。,1,,,ok,[199]
2Cor 1:14,gpt-5,v1,2Cor,1,14,14,,正如你們已經有幾分認識我們，以我們誇口，好像我們在我們主耶穌的日子以你們誇口一樣。,"These excerpts do not address Paul’s mutual “boasting” with the Corinthians, but they do explain the phrase in the verse, “the day of the Lord Jesus.” In the NT, “the day” (the day of the Lord/Jesus Christ) is the eschatological day of judgment, closely associated with Christ’s parousia. What the OT called “the day of Yahweh” is applied to Christ in the NT, so “the day of the Lord Jesus” in 2 Cor 1:14 points to the final, definitive judgment under Christ’s authority.",这些段落未讨论保罗与哥林多人彼此“夸口”的层面，但解释了经文中的“主耶稣的日子”。新约中的“那日／主的日子”是末世性的审判之日，并与基督的再临密切相关。旧约的“耶和华的日子”在新约中被转用于基督，因此林后1:14的“主耶稣的日子”指向基督掌权的最终审判时刻。,1,,,ok,"[166, 190]"
2Cor 3:6,gpt-5,v1,2Cor,3,6,6,,他叫我們能承當這新約的執事，不是憑着字句，乃是憑着精意；因為那字句是叫人死，精意〔或作：聖靈〕是叫人活。,"Both excerpts comment on 2 Cor 3:6. They argue that “the letter” (gramma) denotes the Mosaic law as an external written code which, in the context of human sin, cannot impart life and functions condemnatorily—hence “kills.” This does not imply any intrinsic defect in the law; the inefficacy and curse arise from the collision of law with sinful flesh. By contrast, the Spirit gives life, marking the new-covenant ministry as eschatological: the present pneumatic life is a foretaste of the life of the age to come and is tied to Christ’s own life-giving Spirit.",两段材料都在阐释林后3:6。其要点是：“字句”（gramma）指摩西之律法作为外在的书面规范，在罪的处境中既无能赐生，且具有定罪的功能，因此“叫人死”。这并非律法本身有缺陷，而是由于人的罪性与律法相冲突所致。与此相对，“圣灵叫人活”，显示新约的执事属末世性的领域：当下的属灵生命是来世生命的预尝，并与基督自己所赐、赐生命的圣灵相连。,1,,,ok,"[48, 137]"
2Cor 3:18,gpt-5,v1,2Cor,3,18,18,,我們眾人既然敞着臉，得以看見主的榮光，好像從鏡子裏返照，就變成主的形狀，榮上加榮，如同從主的靈變成的。,"The passages explicitly treat 2 Corinthians 3:18 as describing an inward, spiritual transformation by the Spirit through the gospel’s illumination, not any present, bodily preformation of the resurrection body. The “glory” believers reflect/ behold is a reflection of God’s own glory and is not confined to the physical sphere; thus 3:18 does not require a doctrine that a spiritual body is now developing.",这些段落明确将林后3:18理解为一种由福音光照、借着主的灵所成就的内在属灵转变，而非现今身体的预成或复活身体的形成。信徒所“看见/返照”的“荣耀”是对神荣耀的反映，并不局限于肉身或外在层面；因此，3:18并不支持“灵性身体正在今生形成”的学说。,1,,,ok,"[185, 194]"
2Cor 4:4,gpt-5,v1,2Cor,4,4,4,,此等不信之人被這世界的神弄瞎了心眼，不叫基督榮耀福音的光照着他們。基督本是神的像。,"Vos contrasts the Holy Spirit with the spirit/rulers of this age and notes that Paul calls Satan “the god of this age” (2 Cor 4:4). The title underscores Satan’s dominion within the present aeon, in antithesis to the true God who by the Spirit illumines minds—hence Satan’s blinding of unbelievers to the light of the gospel of Christ’s glory. The verse also fits the NT two-ages schema (“this present age” as evil and transitory over against the perfect future age). Further, its focus on “the glory of Christ, who is the image of God,” aligns with Paul’s theocentric goal of the final state as the vision and communion with God in Christ.",沃斯指出，保罗在灵与“今世”的灵/执政者之间设立对比，并称撒但为“这世代的神”（林后4:4）。这个称号强调撒但在现今世代中的统治，与借着圣灵光照人心的真神形成对立，因此导致不信之人被蒙蔽，无法看见基督荣耀福音的光。同时，本节经文属于新约的“两世代”框架：现今世代是邪恶而暂时的，对比将来完美的世代。并且，林后4:4中“基督的荣耀、祂是神的像”的主题，与保罗所强调的末后的目标相合——就是在最终状态中对神与基督的直观与相交。,1,,,ok,"[141, 162, 194]"
2Cor 5:1,gpt-5,v1,2Cor,5,1,1,,我們原知道，我們這地上的帳棚若拆毀了，必得神所造，不是人手所造，在天上永存的房屋。,"2 Cor 5:1 teaches that after the “earthly tent” (our mortal body) is dissolved in death, believers will receive from God a new, supernatural, resurrection body—“a house not made with hands, eternal in the heavens.” This body is not pre-formed on earth, nor is it ordinarily received immediately at death; rather, Paul’s consistent hope is to be clothed with it at the parousia. The language “eternal” conveys not only endless duration but the quality of the consummate state, and “in/from heaven” marks the strictly supernatural, heavenly origin and pattern of this new body.",哥后5:1教导：当我们“地上的帐棚”（现今必死的身体）被拆毁时，信徒将从神那里得着新的、属天的、非人手所造的复活之身——“在天上永存的房屋”。这身体并非在地上预先形成，也通常不是人在死后立刻得着；保罗一贯的盼望是于主再来时被穿上它。经文中的“永存”不仅指无穷久长，也指成熟终局之境界的性质；“在天上/从天上”强调这新身体的严格超自然、属天的来源与样式。,1,,,ok,"[185, 194, 430]"
2Cor 5:1-5,gpt-5,v1,2Cor,5,1,5,,我們原知道，我們這地上的帳棚若拆毀了，必得神所造，不是人手所造，在天上永存的房屋。,"2 Corinthians 5:1-5 portrays the change of believers living at the parousia as being over-clothed with the heavenly body so that mortality is swallowed up by life. The imagery starts from the new, heavenly body that absorbs the old. Paul uses two figures—“putting on” and “putting on over” (endusasthai and ependusasthai)—to distinguish the resurrection of the dead from the transformation of the living, in contrast to 1 Corinthians 15 and Philippians 3 where the change starts from the old body being transformed.",林后5:1–5把主再临时活着之信徒的改变描述为“加穿”天上的身体，使必死的被生命吞灭；图像从新的天上身体出发，旧的被新的所吸收。保罗用“穿上”(endusasthai)与“加穿”(ependusasthai)区分死人复活与活人的改变，这与林前15章、腓3章从旧体被改变为新体的起点相对。,1,,,ok,[189]
2Cor 5:1-10,gpt-5,v1,2Cor,5,1,10,,我們原知道，我們這地上的帳棚若拆毀了，必得神所造，不是人手所造，在天上永存的房屋。,"The passage teaches that believers will receive their heavenly, pneumatic body at the parousia, not immediately at death, and that there is no present preformation of this body. Paul’s longing is to be “clothed upon” (transformed without dying) so as to avoid the intermediate disembodied “nakedness.” “Unclothed” denotes death and disembodiment; “clothed” denotes receiving the new body after a period of nakedness; “clothed upon” is the parousia-transformation that superimposes the new body on the old so that mortality is swallowed up by life. Variants in 5:3 do not change the overall sense: at the parousia believers will not be found naked; the ultimate destiny is embodied glory.",本段教导：信徒得着属天、属灵的身体是在基督再来之时，而非死后立刻；这身体并非今生预先形成。保罗所切望的是“加衣”（不经死而变形），以避免中间的“赤身”无身状态。“脱衣/赤身”指死亡后的灵魂无身；“穿上”指经历一段赤身后得新体；“加衣”则是在再来时，新体覆盖旧体，使必死的被生命吞灭。无论采用哪种5:3读法，要义不变：在再来之时，信徒不致赤身；终极目标是有形的荣耀状态。,1,,,ok,[185]
2Cor 5:2-4,gpt-5,v1,2Cor,5,2,4,,我們在這帳棚裏歎息，深想得那從天上來的房屋，好像穿上衣服；,"Interprets 2 Corinthians 5:2–4 as teaching that the intermediate, disembodied state is “nakedness” of the soul. Paul longs not to be unclothed but to be further clothed with the heavenly dwelling, showing he views disembodiment as relatively undesirable compared to resurrection embodiment. Nevertheless, believers in this state still enjoy blessed fellowship with Christ.",将林后5:2–4理解为：死与复活之间的“中间状态”是灵魂的“赤身”（无身体）。保罗并不愿意“脱下”，而是渴望“再穿上”天上的住处，表明他认为无身体的状态相对不理想，较之复活得着身体为逊色；但信徒在该状态中仍与基督相交，享有真实的福分。,1,,,ok,[198]
2Cor 5:5,gpt-5,v1,2Cor,5,5,5,,為此，培植我們的就是神，他又賜給我們聖靈作憑據〔原文作質〕。,"2 Corinthians 5:5 teaches that God has prepared believers for the eternal, heavenly state and has given the Holy Spirit as the arrabōn (earnest/down payment). The phrase “of the Spirit” means the pledge consists in the Spirit Himself. Like the “firstfruits of the Spirit” (Rom 8:23), this shows the present gift is a preliminary installment guaranteeing future fullness. The Spirit’s proper sphere is the world to come and even constitutes the substance of that life; His present indwelling anticipates and prophesies His own eschatological operation. Thus 2 Cor 5:5 is a directly eschatological passage where the present Spirit anticipates the future Spirit-life.",林后5:5表明：神为信徒预备了将来的永恒状态，并赐下圣灵作“质/凭据”（arrabōn）。“圣灵的凭据”意指凭据就是圣灵本身；如同“圣灵的初熟果子”（罗8:23），说明现今的赐下只是将来丰满的预支与保证。圣灵真正的领域是来世，甚至构成来世生命的本质；祂现今的内住，是对自己末世作为的预尝与预告。因此，林后5:5是直接的末世论经文：现今的圣灵预示并预尝将来的圣灵生命。,1,,,ok,"[127, 137]"
2Cor 5:6-8,gpt-5,v1,2Cor,5,6,8,,所以，我們時常坦然無懼，並且曉得我們住在身內，便與主相離。,"The excerpt uses 2 Corinthians 5:6–8 (along with Luke 23:43; Philippians 1:23; Revelation 6:9; 7:9; 15:2) to argue that believers, when absent from the body, are with the Lord, not confined in Hades. It rejects the theory that Hades is the undifferentiated provisional abode of all the dead. Passages about resurrection (e.g., 1 Thess 4:16; 1 Cor 15:23) concern the body/grave, not a gathering-place for all souls.",该段以林后5:6–8（并列路23:43、腓1:23、启6:9等）说明：信徒一旦离开身体，就与主同在，而非被关在阴间（Hades）。因此否定“所有死者都暂时同处于未分化的阴间”的观点；而有关复活的经文（如帖前4:16、林前15:23）谈的是身体/坟墓，不是灵魂的所在地。,1,,,ok,[200]
2Cor 5:7,gpt-5,v1,2Cor,5,7,7,,因我們行事為人是憑着信心，不是憑着眼見。,"The verse’s contrast of “faith” versus “sight” reflects Paul’s eschatological two-age framework. Faith belongs to the heavenly, Spirit-inaugurated realm that began with Christ’s death and resurrection; sight belongs to the earthly order. Believers are anchored in the heavenly world where the risen Christ reigns, so they live by faith amid two coexisting, conflicted spheres until the final consummation. This is not abstract Greek dualism but a historical-redemptive, eschatological distinction (pneuma vs sarx) produced by God’s saving action.",本节“凭信心，不凭眼见”的对立，源自保罗的两世代末世论：因基督的死与复活，属天、属灵的现实已被开启并与属地秩序并存相争。信徒属天、以复活之基督为中心，因此在现今未终局之时以“信心”而活，而非按可见的属地现实而活。这并非抽象的希腊式二元，而是由神救赎历史所造成的末世性区分（灵/肉）。,1,,,ok,[139]
2Cor 5:10,gpt-5,v1,2Cor,5,10,10,,因為我們眾人必要在基督臺前顯露出來，叫各人按着本身所行的，或善或惡受報。,"These excerpts treat 2 Corinthians 5:10 as teaching that Christ Himself presides over the final, public judgment at His parousia; all people will appear and be judged according to their works, including believers. This last judgment does not contradict justification because it publicly reveals and evaluates works for God’s vindication and for gracious reward; some works may be disapproved though the person is saved. The phrase “done in the body” confines the basis of judgment to deeds performed during earthly, embodied life, not to anything from the intermediate state.",这些段落将林后5:10理解为：基督在再临时主持最终且公开的审判；所有人都要显露，并按各人“所行”受审，包括信徒。末日审判并不与称义矛盾，因为它在“世界法庭”公开显明并检验人的行为，为神申义，也关乎恩典中的赏赐；行为可能受责，但人仍可得救。“在身上所行的”限定审判根据的是今生肉身中的所作所为，而非中间状态中的任何表现。,1,,,ok,"[190, 191, 192]"
2Cor 5:14-15,gpt-5,v1,2Cor,5,14,15,,原來基督的愛激勵我們；因我們想，一人既替眾人死，眾人就都死了；,"The excerpt briefly cites 2 Corinthians 5:14–15 (along with vv. 19–21) to assert that Scripture teaches the necessity of Christ’s atoning death for sins; therefore, narratives like Luke 15 that omit sacrificial language must not be used to deny this doctrine. It models the hermeneutical principle of interpreting Scripture with Scripture rather than setting passages against each other.",该段将林后5:14–15（并及5:19–21）作为证据，指出圣经教导基督为罪而死的赎罪之必要性；因此不可因路加福音15章未提献祭就否认赎罪教义。并强调诠释原则：以经解经，不可将经文彼此对立。,1,,,ok,"[299, 402]"
2Cor 5:17,gpt-5,v1,2Cor,5,17,17,,若有人在基督裏，他就是新造的人，舊事已過，都變成新的了。,"These excerpts interpret “new creation” (kainē ktisis) in 2 Corinthians 5:17 as an eschatological reality. The believer’s present renewal is the inaugurated beginning of the cosmic world‑renewal that will culminate at the end. The Spirit given by the risen Christ brings the life of the age to come into the present, so that life “in Christ” and “in the Spirit” anticipates the future. The adjective “new” carries a semi‑technical eschatological sense and links this verse with the broader promise of a renewed creation (new heavens and new earth).",这些段落将林后5:17的“新造的人/新创造（kainē ktisis）”解释为一种末世性现实：信徒当下的更新就是将来在终末达至高峰之“世界更新”的开端。复活之基督所赐的圣灵把“来世的生命”预先带入现在，使“在基督里/在圣灵里”的生命成为对未来的预尝与预示。“新”一词带有半技术性的末世含义，并把本节与“新天新地”的广义应许与宇宙性更新相连。,1,,,ok,"[119, 137, 218]"
2Cor 5:18,gpt-5,v1,2Cor,5,18,18,,一切都是出於神；他藉着基督使我們與他和好，又將勸人與他和好的職分賜給我們。,"The passage argues that in 2 Corinthians 5:18–19 Paul presents reconciliation as an objective, once-for-all act of God accomplished through Christ prior to the preaching of the message. The aorist participle (“who did reconcile us”) and its coordination with “who did give us the ministry of the reconciliation” show that reconciliation is a completed divine act that precedes Paul’s commission. “The ministry of the reconciliation” means proclaiming an already-accomplished reconciliation, not producing a subjective change in hearers. Verse 19 (“God was in Christ reconciling the world”) likewise cannot mean merely attempting or laying a basis; the periphrastic form stresses God as the effective agent. This rejects views that reduce reconciliation to a change in human disposition.",本文主张，林后5:18–19把“和好”描绘为神在基督里一次成就、客观完成的作为，早于福音信息临到罪人。第18节中“使我们与他和好”的不定过去分词与“又将劝人与他和好的职分赐给我们”并列，表明和好是已成之工，并先于保罗所受的托付。“劝人与神和好的职分”是宣告“这已成就的和好”，而非促成听众主观心态的改变。第19节“神在基督里叫世人与自己和好”也不是“努力去和好”或“仅奠定基础”，其绕述式用法强调真正施行和好的乃是神自己。因此，否定将“和好”主观化、仅视为人心态改变的解释。,1,,,ok,[514]
2Cor 5:21,gpt-5,v1,2Cor,5,21,21,,神使那無罪〔無罪：原文作不知罪〕的，替我們成為罪，好叫我們在他裏面成為神的義。,"The excerpts affirm that 2 Corinthians 5:21 teaches penal substitution: the sinless Christ is made “sin” for us in full identity with the penalty due to sinners (parallel to becoming “a curse” in Gal 3:13). The use of a substantive (“sin/curse”) underscores this identification with punishment. They contend that “the righteousness of God” in this verse is not merely a gracious divine attribute but an objective, forensic righteousness granted to believers, standing over against the curse Christ bore. Efforts to treat substitution here as secondary are rejected.",这些段落认定林后5:21教导“代罚性代赎”：无罪的基督“替我们成为罪”，与加3:13“为我们成了咒诅”相平行，显示他完全认同并承担了我们该受的刑罚；经文使用名词（“罪/咒诅”）强调这种与刑罚的认同。文中主张本节的“神的义”并非单指神的恩慈属性，而是神客观、法庭性地归算给信徒的义，并且与基督所承担的“咒诅”相对。作者反对将此处的“代替”贬为次要或相对的说法。,1,,,ok,"[519, 715, 719, 722]"
2Cor 6:18,gpt-5,v1,2Cor,6,18,18,,我要作你們的父；你們要作我的兒女。這是全能的主說的。,"The paragraph notes that the Greek term pantokrator (“Almighty”) occurs in 2 Corinthians 6:18. It explains that pantokrator conveys not only God’s power but also His authority and sovereignty. The term is used elsewhere (especially in Revelation and the Septuagint), often translating divine names like Yahweh Sabaoth and El Shaddai, underscoring God’s supreme might.",该段指出：哥林多后书6:18中出现了希腊词“pantokrator”（全能者/全能的主）。该词不仅强调神的大能，也强调祂的权柄与主权。在启示录及七十士译本中亦常见，常对应“万军之耶和华”和“全能的神”等神名，凸显神至高无上的能力与王权。,1,,,ok,[440]
